x,y,w,h,pred_X,pred_Y
599.9343,-417.65286,99.14392,105.611015,4.0482817,2.3042476
925.25183,-167.78613,69.467285,175.97186,3.9669712,1.9676306
