x,y,w,h,pred_X,pred_Y
-309.41046,-67.126465,36.60492,48.115417,1.0015801,0.9325713
292.52203,-40.012115,45.352173,56.410706,3.7211998,0.7108378
