x,y,w,h,pred_X,pred_Y
151.84381,-111.99509,40.400635,58.162415,3.0379941,1.0932083
-125.42285,-82.683655,51.505493,59.63568,1.9939533,0.9644425
