x,y,w,h,pred_X,pred_Y
-251.2312,-287.30316,164.5893,227.99811,0.8485135,1.2566253
567.74365,-438.87592,67.78833,87.65408,2.7076406,0.58841205
