x,y,w,h,pred_X,pred_Y
180.98608,-386.10547,92.34851,128.72224,1.8448737,1.4468389
380.89648,-490.34665,75.84729,81.240875,3.1184158,1.1686488
